PathwayID,PathwayName,Enrichment FDR,nGenes,Pathway Genes,Fold Enrichment,URL,Genes
hsa05144,Malaria,5.13E-25,22,49,25.74712291,http://www.genome.jp/kegg-bin/show_pathway?hsa05144 , CSF3  HBB  HGF  ICAM1  IFNG  IL1B  IL6  IL10  IL12A  IL18  ITGAL  ITGB2  MET  MYD88  CCL2  TGFB1  THBS1  THBS2  TLR2  TLR4  VCAM1  CD40
hsa04215,Apoptosis-multiple species,1.12E-14,13,32,23.29675752,http://www.genome.jp/kegg-bin/show_pathway?hsa04215 , BBC3  NGFR  CYCS  MAPK8  MAPK9  BAX  BCL2  BCL2L1  TNFRSF1A  CASP3  CASP8  CASP9  BECN1
hsa04933,AGE-RAGE signaling pathway in diabetic complications,4.00E-39,38,100,21.79142857,http://www.genome.jp/kegg-bin/show_pathway?hsa04933 , CDK4  COL1A1  COL4A2  COL4A4  MAPK14  CYBB  AGT  AGTR1  EDN1  EGR1  AKT1  NOX1  ICAM1  IL1A  IL1B  IL6  JAK2  JUN  SMAD3  MMP2  NFKB1  NOS3  NOX4  SERPINE1  PIK3CA  PIK3R1  MAPK1  MAPK3  MAPK8  MAPK9  BAX  BCL2  CCL2  STAT3  TGFB1  VCAM1  VEGFA  CASP3
hsa05143,African trypanosomiasis,3.28E-15,14,37,21.69843528,http://www.genome.jp/kegg-bin/show_pathway?hsa05143 , HBB  APOA1  ICAM1  IFNG  FAS  IL1B  FASLG  IL6  IL10  IL12A  IL18  MYD88  NPPA  VCAM1
hsa05134,Legionellosis,7.69E-22,21,57,21.12742382,http://www.genome.jp/kegg-bin/show_pathway?hsa05134 , PYCARD  CXCL2  IL1B  IL6  IL12A  IL18  ITGAM  ITGB2  MYD88  NFKB1  CYCS  SAR1A  BNIP3  TLR2  TLR4  VCP  CASP1  CASP3  CASP8  CASP9  CD14
hsa01521,EGFR tyrosine kinase inhibitor resistance,1.20E-26,27,79,19.59921957,http://www.genome.jp/kegg-bin/show_pathway?hsa01521 , EGF  EGFR  AKT1  FGF2  FOXO3  GRB2  HGF  IGF1  IGF1R  IL6  JAK2  MET  PDGFA  PDGFB  PDGFRA  PDGFRB  PIK3CA  PIK3R1  MAPK1  MAPK3  PDGFC  BAX  BCL2  BCL2L1  STAT3  TGFA  VEGFA
hsa00470,D-Amino acid metabolism,0.006865644,2,6,19.11528822,http://www.genome.jp/kegg-bin/show_pathway?hsa00470 , GLS2  GLS
hsa05218,Melanoma,3.33E-22,23,72,18.31881788,http://www.genome.jp/kegg-bin/show_pathway?hsa05218 , CDK4  CDKN1A  CDKN2A  EGF  EGFR  AKT1  FGF2  HGF  IGF1  IGF1R  MET  PDGFA  PDGFB  PDGFRA  PDGFRB  PIK3CA  PIK3R1  MAPK1  MAPK3  PDGFC  BAX  TP53  FGF23
hsa05219,Bladder cancer,4.30E-13,13,41,18.18283514,http://www.genome.jp/kegg-bin/show_pathway?hsa05219 , CDKN1A  CDKN2A  HBEGF  EGF  EGFR  MMP2  MMP9  MYC  MAPK1  MAPK3  THBS1  TP53  VEGFA
hsa05210,Colorectal cancer,1.34E-25,27,86,18.00393425,http://www.genome.jp/kegg-bin/show_pathway?hsa05210 , CDKN1A  CTNNB1  EGF  EGFR  AKT1  FOS  BBC3  GRB2  JUN  RHOA  SMAD3  MYC  PIK3CA  PIK3R1  CYCS  MAPK1  MAPK3  MAPK8  MAPK9  BAX  BCL2  TCF7  TGFA  TGFB1  TP53  CASP3  CASP9
hsa04657,IL-17 signaling pathway,3.99E-27,29,93,17.88204382,http://www.genome.jp/kegg-bin/show_pathway?hsa04657 , MAPK14  CSF2  CSF3  ELAVL1  FOS  CXCL2  IFNG  IL1B  IL4  IL6  IL17A  CXCL10  JUN  LCN2  MMP9  NFKB1  IL17D  MAPK1  MAPK3  MAPK6  MAPK8  MAPK9  PTGS2  CCL2  CCL7  MUC5B  FOSL1  CASP3  CASP8
hsa05133,Pertussis,1.24E-21,23,76,17.35466957,http://www.genome.jp/kegg-bin/show_pathway?hsa05133 , NLRP3  MAPK14  FOS  PYCARD  IL1A  IL1B  IL6  IL10  IL12A  ITGAM  ITGB2  JUN  RHOA  MYD88  NFKB1  MAPK1  MAPK3  MAPK8  MAPK9  SFTPA1  TLR4  CASP1  CASP3
hsa05215,Prostate cancer,1.14E-26,29,97,17.14463995,http://www.genome.jp/kegg-bin/show_pathway?hsa05215 , CDKN1A  CTNNB1  EGF  EGFR  AKT1  GRB2  IGF1  IGF1R  INS  MMP9  NFKB1  PDGFA  PDGFB  PDGFRA  PDGFRB  PIK3CA  PIK3R1  PLAT  PLAU  MAPK1  MAPK3  PDGFC  BCL2  TCF7  ZEB1  TGFA  TMPRSS2  TP53  CASP9
hsa05321,Inflammatory bowel disease,7.59E-18,19,65,16.76263736,http://www.genome.jp/kegg-bin/show_pathway?hsa05321 , IFNG  IL1A  IL1B  IL2  IL4  IL6  IL10  IL12A  IL17A  IL18  JUN  SMAD3  NFKB1  IL22  RORC  STAT3  TGFB1  TLR2  TLR4
hsa05140,Leishmaniasis,2.61E-20,22,76,16.60011872,http://www.genome.jp/kegg-bin/show_pathway?hsa05140 , MAPK14  CYBB  FCGR3A  FOS  IFNG  IL1A  IL1B  IL4  IL10  IL12A  ITGAM  ITGB2  JAK2  JUN  MYD88  NFKB1  MAPK1  MAPK3  PTGS2  TGFB1  TLR2  TLR4
hsa05212,Pancreatic cancer,2.61E-20,22,76,16.60011872,http://www.genome.jp/kegg-bin/show_pathway?hsa05212 , CDK4  CDKN1A  CDKN2A  EGF  EGFR  AKT1  SMAD3  NFKB1  PIK3CA  PIK3R1  MAPK1  MAPK3  MAPK8  MAPK9  BAX  BCL2L1  STAT3  TGFA  TGFB1  TP53  VEGFA  CASP9
hsa05214,Glioma,3.88E-19,21,75,16.05684211,http://www.genome.jp/kegg-bin/show_pathway?hsa05214 , CDK4  CDKN1A  CDKN2A  EGF  EGFR  AKT1  GRB2  IGF1  IGF1R  PDGFA  PDGFB  PDGFRA  PDGFRB  PIK3CA  PIK3R1  MAPK1  MAPK3  BAX  TGFA  TP53  CAMK4
hsa05223,Non-small cell lung cancer,3.06E-18,20,72,15.92940685,http://www.genome.jp/kegg-bin/show_pathway?hsa05223 , CDK4  CDKN1A  CDKN2A  EGF  EGFR  AKT1  FOXO3  ALK  GRB2  HGF  MET  PIK3CA  PIK3R1  MAPK1  MAPK3  BAX  STAT3  TGFA  TP53  CASP9
hsa05142,Chagas disease,5.95E-25,28,101,15.89786347,http://www.genome.jp/kegg-bin/show_pathway?hsa05142 , MAPK14  ACE  AKT1  FOS  IFNG  FAS  IL1B  IL2  FASLG  IL6  IL10  IL12A  JUN  MYD88  NFKB1  SERPINE1  PIK3CA  PIK3R1  MAPK1  MAPK3  MAPK8  MAPK9  CCL2  TGFB1  TLR2  TLR4  TNFRSF1A  CASP8
hsa04668,TNF signaling pathway,3.58E-27,31,112,15.87251611,http://www.genome.jp/kegg-bin/show_pathway?hsa04668 , MAPK14  CSF1  CSF2  JAG1  EDN1  PGAM5  MLKL  AKT1  FOS  CXCL2  ICAM1  FAS  IL1B  IL6  CXCL10  JUN  MMP9  NFKB1  PIK3CA  PIK3R1  MAPK1  MAPK3  MAPK8  MAPK9  PTGS2  CCL2  TNFRSF1A  VCAM1  CASP3  CASP8  RIPK1
hsa05213,Endometrial cancer,8.60E-15,16,58,15.81954887,http://www.genome.jp/kegg-bin/show_pathway?hsa05213 , CDKN1A  CTNNB1  EGF  EGFR  AKT1  FOXO3  GRB2  MYC  PIK3CA  PIK3R1  MAPK1  MAPK3  BAX  TCF7  TP53  CASP9
hsa04066,HIF-1 signaling pathway,1.77E-26,30,109,15.7832655,http://www.genome.jp/kegg-bin/show_pathway?hsa04066 , CDKN1A  CYBB  EDN1  EGF  EGFR  EPO  AKT1  HIF1A  HK2  HMOX1  IFNG  IGF1  IGF1R  IL6  INS  NFKB1  NOS3  NPPA  SERPINE1  PIK3CA  PIK3R1  EGLN1  MAPK1  MAPK3  BCL2  STAT3  TF  TIMP1  TLR4  VEGFA
hsa04960,Aldosterone-regulated sodium reabsorption,1.44E-09,10,37,15.49888234,http://www.genome.jp/kegg-bin/show_pathway?hsa04960 , IGF1  INS  KCNJ1  NR3C2  PIK3CA  PIK3R1  FXYD4  MAPK1  MAPK3  SGK1
hsa04216,Ferroptosis,2.25E-10,11,41,15.38547588,http://www.genome.jp/kegg-bin/show_pathway?hsa04216 , ATG7  CP  CYBB  ACSL4  SLC7A11  GPX4  HMOX1  SAT1  TF  TP53  MAP1LC3A
hsa05417,Lipid and atherosclerosis,6.02E-49,57,214,15.27436582,http://www.genome.jp/kegg-bin/show_pathway?hsa05417 , NLRP3  MAPK14  CYBB  CYP2B6  DDIT3  AKT1  ATF6  FOS  NOX1  PYCARD  CXCL2  HSPA5  APOA1  ICAM1  IFNA1  IFNA2  FAS  IL1B  FASLG  IL6  IL12A  IL18  JAK2  JUN  RHOA  MMP9  MYD88  NFE2L2  NFKB1  NOS3  PIK3CA  PIK3R1  CYCS  POU2F2  MAPK1  MAPK3  MAPK8  MAPK9  BAX  BCL2  BCL2L1  CCL2  SOD2  STAT3  TLR2  TLR4  TNFRSF1A  TP53  VCAM1  XBP1  CASP1  CASP3  CASP6  CASP8  CASP9  CD14  CD40
hsa04620,Toll-like receptor signaling pathway,2.16E-23,27,103,15.03241112,http://www.genome.jp/kegg-bin/show_pathway?hsa04620 , MAPK14  AKT1  FOS  IFNA1  IFNA2  IL1B  IL6  IL12A  CXCL10  JUN  MYD88  NFKB1  PIK3CA  PIK3R1  TOLLIP  MAPK1  MAPK3  MAPK8  MAPK9  SPP1  TLR2  TLR4  CASP8  RIPK1  CD14  CD80  CD40
hsa04614,Renin-angiotensin system,4.31E-06,6,23,14.95979078,http://www.genome.jp/kegg-bin/show_pathway?hsa04614 , ACE  AGT  AGTR1  MME  ACE2  REN
hsa05418,Fluid shear stress and atherosclerosis,4.14E-29,35,138,14.54424104,http://www.genome.jp/kegg-bin/show_pathway?hsa05418 , MAPK14  CTNNB1  NQO1  EDN1  AKT1  FOS  NOX1  HMOX1  ICAM1  IFNG  IL1A  IL1B  IL1R1  JUN  RHOA  MMP2  MMP9  NFE2L2  NFKB1  NOS3  PDGFA  PDGFB  PIK3CA  PIK3R1  PLAT  PRKAA1  PRKAA2  MAPK8  MAPK9  BCL2  CCL2  TNFRSF1A  TP53  VCAM1  VEGFA
hsa01522,Endocrine resistance,1.53E-20,24,95,14.48737634,http://www.genome.jp/kegg-bin/show_pathway?hsa01522 , CDK4  CDKN1A  CDKN2A  MAPK14  JAG1  HBEGF  EGFR  AKT1  FOS  GRB2  IGF1  IGF1R  JUN  MMP2  MMP9  PIK3CA  PIK3R1  MAPK1  MAPK3  MAPK8  MAPK9  BAX  BCL2  TP53
hsa05323,Rheumatoid arthritis,1.14E-19,23,92,14.33646617,http://www.genome.jp/kegg-bin/show_pathway?hsa05323 , CSF1  CSF2  CTLA4  FOS  CXCL2  ICAM1  IFNG  IL1A  IL1B  IL6  IL17A  IL18  ITGAL  ITGB2  JUN  PTH  CCL2  CXCL12  TGFB1  TLR2  TLR4  VEGFA  CD80
hsa05211,Renal cell carcinoma,7.11E-15,17,68,14.33646617,http://www.genome.jp/kegg-bin/show_pathway?hsa05211 , CDKN1A  AKT1  ETS1  GRB2  HGF  HIF1A  JUN  MET  PDGFB  PIK3CA  PIK3R1  EGLN1  MAPK1  MAPK3  TGFA  TGFB1  VEGFA
hsa01524,Platinum drug resistance,1.50E-15,18,73,14.14007622,http://www.genome.jp/kegg-bin/show_pathway?hsa01524 , CDKN1A  CDKN2A  AKT1  BBC3  FAS  FASLG  PIK3CA  PIK3R1  CYCS  MAPK1  MAPK3  BAX  BCL2  BCL2L1  TP53  CASP3  CASP8  CASP9
hsa04115,p53 signaling pathway,1.50E-15,18,73,14.14007622,http://www.genome.jp/kegg-bin/show_pathway?hsa04115 , CDK4  CDKN1A  CDKN2A  BBC3  IGF1  FAS  MDM4  SERPINE1  CYCS  BAX  BCL2  BCL2L1  THBS1  TP53  CASP3  CASP8  CASP9  AIFM2
hsa05162,Measles,8.37E-28,34,139,14.02704603,http://www.genome.jp/kegg-bin/show_pathway?hsa05162 , CDK4  AKT1  FOS  DDX58  BBC3  IFNA1  IFNA2  FAS  IL1A  IL1B  IL2  IL2RA  FASLG  IL6  IL12A  JUN  CD46  MYD88  NFKB1  PIK3CA  PIK3R1  CYCS  MAPK8  MAPK9  BAX  BCL2  BCL2L1  STAT3  TLR2  TLR4  TP53  CASP3  CASP8  CASP9
hsa05230,Central carbon metabolism in cancer,1.16E-14,17,70,13.92685285,http://www.genome.jp/kegg-bin/show_pathway?hsa05230 , EGFR  AKT1  SIRT3  G6PD  GLS2  GLS  HIF1A  HK2  MET  MYC  PDGFRA  PDGFRB  PIK3CA  PIK3R1  MAPK1  MAPK3  TP53
hsa04659,Th17 cell differentiation,1.33E-21,26,108,13.80548594,http://www.genome.jp/kegg-bin/show_pathway?hsa04659 , MAPK14  AHR  FOS  HIF1A  IFNG  IL1B  IL1R1  IL2  IL2RA  IL4  IL6  IL17A  JAK2  JUN  SMAD3  NFKB1  IL22  MAPK1  MAPK3  MAPK8  MAPK9  RORC  STAT3  TGFB1  RUNX1  CD4
hsa04625,C-type lectin receptor signaling pathway,8.63E-21,25,104,13.78506362,http://www.genome.jp/kegg-bin/show_pathway?hsa04625 , NLRP3  MAPK14  AKT1  CLEC4E  PYCARD  IL1B  IL2  IL6  IL10  IL12A  JUN  RHOA  NFKB1  CLEC1B  PIK3CA  PIK3R1  IL17D  MAPK1  MAPK3  MAPK8  MAPK9  PTGS2  SYK  CASP1  CASP8
hsa05221,Acute myeloid leukemia,9.37E-14,16,67,13.69453484,http://www.genome.jp/kegg-bin/show_pathway?hsa05221 , CSF2  AKT1  GRB2  ITGAM  JUP  MPO  MYC  NFKB1  PIK3CA  PIK3R1  MAPK1  MAPK3  STAT3  TCF7  RUNX1  PER2
hsa05220,Chronic myeloid leukemia,3.08E-15,18,76,13.58191531,http://www.genome.jp/kegg-bin/show_pathway?hsa05220 , CDK4  CDKN1A  CDKN2A  AKT1  GRB2  SMAD3  MYC  NFKB1  PIK3CA  PIK3R1  MAPK1  MAPK3  BAX  BCL2L1  BCR  TGFB1  TP53  RUNX1
hsa05330,Allograft rejection,3.42E-08,9,38,13.58191531,http://www.genome.jp/kegg-bin/show_pathway?hsa05330 , IFNG  FAS  IL2  FASLG  IL4  IL10  IL12A  CD80  CD40
hsa05235,PD-L1 expression and PD-1 checkpoint pathway in cancer,1.53E-17,21,89,13.53104672,http://www.genome.jp/kegg-bin/show_pathway?hsa05235 , MAPK14  EGF  EGFR  AKT1  FOS  ALK  CD274  HIF1A  IFNG  JAK2  JUN  MYD88  NFKB1  PIK3CA  PIK3R1  MAPK1  MAPK3  STAT3  TLR2  TLR4  CD4
hsa04936,Alcoholic liver disease,1.36E-26,33,141,13.42137258,http://www.genome.jp/kegg-bin/show_pathway?hsa04936 , PPARGC1A  MAPK14  CTNNB1  AKT1  FABP1  ALDH2  FOXO3  SIRT1  CXCL2  IFNA1  IFNA2  FAS  IL1B  FASLG  IL6  IL12A  IL17A  MYD88  NFKB1  NOX4  PPARA  PRKAA1  PRKAA2  MAPK8  MAPK9  TCF7  TLR4  TNFRSF1A  C5AR1  CASP3  CASP8  RIPK1  CD14
hsa04917,Prolactin signaling pathway,1.95E-13,16,70,13.10762621,http://www.genome.jp/kegg-bin/show_pathway?hsa04917 , MAPK14  AKT1  FOXO3  FOS  GRB2  INS  JAK2  NFKB1  PIK3CA  PIK3R1  MAPK1  MAPK3  MAPK8  MAPK9  PRL  STAT3
hsa00220,Arginine biosynthesis,6.19E-05,5,22,13.03315106,http://www.genome.jp/kegg-bin/show_pathway?hsa00220 , GLS2  GLS  GPT  NOS1  NOS3
hsa04660,T cell receptor signaling pathway,1.61E-18,23,103,12.80538725,http://www.genome.jp/kegg-bin/show_pathway?hsa04660 , CDK4  MAPK14  CSF2  CTLA4  AKT1  FOS  GRB2  IFNG  IL2  IL4  IL10  ITK  JUN  RHOA  NFKB1  PIK3CA  PIK3R1  MAPK1  MAPK3  MAPK8  MAPK9  CD4  CD8A
hsa05145,Toxoplasmosis,5.45E-20,25,112,12.80041622,http://www.genome.jp/kegg-bin/show_pathway?hsa05145 , PPIF  MAPK14  AKT1  IFNG  IL10  IL12A  JAK2  MYD88  NFKB1  CYCS  MAPK1  MAPK3  MAPK8  MAPK9  BCL2  BCL2L1  STAT3  TGFB1  TLR2  TLR4  TNFRSF1A  CASP3  CASP8  CASP9  CD40
hsa05161,Hepatitis B,8.17E-28,36,162,12.74352548,http://www.genome.jp/kegg-bin/show_pathway?hsa05161 , CDKN1A  MAPK14  AKT1  FOS  DDX58  GRB2  IFNA1  IFNA2  FAS  FASLG  IL6  JAK2  JUN  SMAD3  MMP9  MYC  MYD88  NFKB1  PCNA  PIK3CA  PIK3R1  CYCS  MAPK1  MAPK3  MAPK8  MAPK9  BAX  BCL2  STAT3  TGFB1  TLR2  TLR4  TP53  CASP3  CASP8  CASP9
hsa04137,Mitophagy-animal,3.10E-13,16,72,12.74352548,http://www.genome.jp/kegg-bin/show_pathway?hsa04137 , PGAM5  FOXO3  HIF1A  JUN  FIS1  MAPK8  MAPK9  BCL2L1  PINK1  BNIP3  BNIP3L  TP53  TFEB  MAP1LC3A  BECN1  MFN2
hsa04068,FoxO signaling pathway,7.56E-23,29,131,12.69488607,http://www.genome.jp/kegg-bin/show_pathway?hsa04068 , CDKN1A  MAPK14  EGF  EGFR  AKT1  FOXO3  SIRT1  GRB2  IGF1  IGF1R  FASLG  IL6  IL10  INS  SMAD3  PIK3CA  PIK3R1  PRKAA1  PRKAA2  MAPK1  MAPK3  MAPK8  MAPK9  SGK1  BNIP3  SOD2  STAT3  TGFB1  CAT
hsa04630,JAK-STAT signaling pathway,9.07E-27,35,162,12.38953866,http://www.genome.jp/kegg-bin/show_pathway?hsa04630 , CDKN1A  IL22RA2  CSF2  CSF3  EGF  EGFR  EPO  AKT1  GHR  GRB2  IFNA1  IFNA2  IFNG  IL2  IL2RA  IL4  IL6  IL9  IL10  IL12A  JAK2  MYC  IL22  PDGFA  PDGFB  PDGFRA  PDGFRB  PIK3CA  PIK3R1  IL17D  PRL  IL22RA1  BCL2  BCL2L1  STAT3
hsa05206,MicroRNAs in cancer,7.47E-26,34,161,12.11030682,http://www.genome.jp/kegg-bin/show_pathway?hsa05206 , CDKN1A  CDKN2A  EGFR  SIRT1  GLS2  PDCD4  GLS  GRB2  HMOX1  RHOA  MDM4  MET  MMP9  MYC  NFKB1  PDGFA  PDGFB  PDGFRA  PDGFRB  PIK3CA  PIK3R1  PLAU  MAPK1  MAPK3  PTGS2  BCL2  SLC7A1  STAT3  ZEB1  THBS1  TP53  VEGFA  VIM  CASP3
hsa04213,Longevity regulating pathway-multiple species,1.28E-10,13,62,12.02413291,http://www.genome.jp/kegg-bin/show_pathway?hsa04213 , AKT1  FOXO3  SIRT1  IGF1  IGF1R  INS  PIK3CA  PIK3R1  PRKAA1  PRKAA2  SOD1  SOD2  CAT
hsa04940,Type I diabetes mellitus,1.08E-07,9,43,12.00262284,http://www.genome.jp/kegg-bin/show_pathway?hsa04940 , IFNG  FAS  IL1A  IL1B  IL2  FASLG  IL12A  INS  CD80
hsa05167,Kaposi sarcoma-associated herpesvirus infection,1.78E-29,40,194,11.82388962,http://www.genome.jp/kegg-bin/show_pathway?hsa05167 , CDK4  CDKN1A  MAPK14  CSF2  CTNNB1  AKT1  FGF2  FOS  CXCL2  HIF1A  ICAM1  IFNA1  IFNA2  FAS  IL6  JAK2  JUN  MYC  NFKB1  PDGFB  PIK3CA  PIK3R1  CYCS  MAPK1  MAPK3  MAPK8  MAPK9  PTGS2  BAX  STAT3  SYK  TCF7  TNFRSF1A  TP53  VEGFA  CASP3  CASP8  CASP9  MAP1LC3A  BECN1
hsa05146,Amoebiasis,2.86E-16,21,102,11.80650155,http://www.genome.jp/kegg-bin/show_pathway?hsa05146 , COL1A1  COL4A2  COL4A4  CSF2  CXCL2  IFNG  IL1B  IL1R1  IL6  IL10  IL12A  ITGAM  ITGB2  NFKB1  PIK3CA  PIK3R1  TGFB1  TLR2  TLR4  CASP3  CD14
hsa05231,Choline metabolism in cancer,1.77E-15,20,98,11.70323769,http://www.genome.jp/kegg-bin/show_pathway?hsa05231 , EGF  EGFR  AKT1  FOS  GRB2  HIF1A  JUN  PDGFA  PDGFB  PDGFRA  PDGFRB  PIK3CA  PIK3R1  MAPK1  MAPK3  MAPK8  MAPK9  PDGFC  SLC22A2  DGKE
hsa04211,Longevity regulating pathway,5.20E-14,18,89,11.59804004,http://www.genome.jp/kegg-bin/show_pathway?hsa04211 , PPARGC1A  AKT1  FOXO3  SIRT1  IGF1  IGF1R  INS  NFKB1  PIK3CA  PIK3R1  PRKAA1  PRKAA2  BAX  SOD2  TP53  CAMK4  CAT  KL
hsa04064,NF-kappa B signaling pathway,4.30E-16,21,104,11.57945344,http://www.genome.jp/kegg-bin/show_pathway?hsa04064 , PARP1  DDX58  CXCL2  ICAM1  IL1B  IL1R1  MYD88  NFKB1  PLAU  PTGS2  BCL2  BCL2L1  CXCL12  SYK  TLR4  TNFRSF1A  VCAM1  RIPK1  TNFSF14  CD14  CD40
hsa00330,Arginine and proline metabolism,3.12E-08,10,50,11.46917293,http://www.genome.jp/kegg-bin/show_pathway?hsa00330 , CKB  ALDH2  MAOA  NOS1  NOS3  OAT  ODC1  LAP3  SMOX  SAT1
hsa00524,Neomycin kanamycin and gentamicin biosynthesis,0.109063716,1,5,11.46917293,http://www.genome.jp/kegg-bin/show_pathway?hsa00524 , HK2
hsa05164,Influenza A,5.13E-25,34,171,11.40210175,http://www.genome.jp/kegg-bin/show_pathway?hsa05164 , CDK4  NLRP3  AKT1  DDX58  PYCARD  ICAM1  IFNA1  IFNA2  IFNG  FAS  IL1A  IL1B  FASLG  IL6  IL12A  IL18  CXCL10  JAK2  MYD88  NFKB1  PIK3CA  PIK3R1  CYCS  MAPK1  MAPK3  BAX  CCL2  TLR4  TMPRSS2  TNFRSF1A  CASP1  CASP3  CASP8  CASP9
hsa04210,Apoptosis,4.06E-20,27,136,11.38484078,http://www.genome.jp/kegg-bin/show_pathway?hsa04210 , PARP1  DDIT3  AKT1  FOS  BBC3  FAS  FASLG  JUN  NFKB1  PIK3CA  PIK3R1  CYCS  MAPK1  MAPK3  MAPK8  MAPK9  BAX  BCL2  BCL2L1  TNFRSF1A  TP53  CASP2  CASP3  CASP6  CASP8  CASP9  RIPK1
hsa04380,Osteoclast differentiation,9.84E-19,25,126,11.37814775,http://www.genome.jp/kegg-bin/show_pathway?hsa04380 , SIRPA  MAPK14  CSF1  AKT1  FCGR3A  FOS  NOX1  GRB2  IFNG  IL1A  IL1B  IL1R1  JUN  NFKB1  PIK3CA  PIK3R1  MAPK1  MAPK3  MAPK8  MAPK9  SYK  TGFB1  TNFRSF1A  FOSL1  CAMK4
hsa05160,Hepatitis C,7.92E-23,31,157,11.32306882,http://www.genome.jp/kegg-bin/show_pathway?hsa05160 , CDK4  CDKN1A  CTNNB1  EGF  EGFR  AKT1  DDX58  GRB2  IFNA1  IFNA2  IFNG  FAS  FASLG  CXCL10  MYC  NFKB1  PIK3CA  PIK3R1  CYCS  PPARA  MAPK1  MAPK3  BAX  STAT3  TNFRSF1A  TP53  CASP3  CASP8  CASP9  RIPK1  SCARB1
hsa05152,Tuberculosis,1.88E-25,35,179,11.21287857,http://www.genome.jp/kegg-bin/show_pathway?hsa05152 , MAPK14  AKT1  FCGR3A  CLEC4E  IFNA1  IFNA2  IFNG  IL1A  IL1B  IL6  IL10  IL12A  IL18  ITGAM  ITGB2  JAK2  RHOA  MYD88  NFKB1  CYCS  MAPK1  MAPK3  MAPK8  MAPK9  BAX  BCL2  SYK  TGFB1  TLR2  TLR4  TNFRSF1A  CASP3  CASP8  CASP9  CD14
hsa04623,Cytosolic DNA-sensing pathway,2.11E-09,12,63,10.92302184,http://www.genome.jp/kegg-bin/show_pathway?hsa04623 , DDX58  PYCARD  IFNA1  IFNA2  IL1B  IL6  IL18  CXCL10  NFKB1  CASP1  RIPK1  AIM2
hsa05332,Graft-versus-host disease,1.20E-06,8,42,10.92302184,http://www.genome.jp/kegg-bin/show_pathway?hsa05332 , IFNG  FAS  IL1A  IL1B  IL2  FASLG  IL6  CD80
hsa05216,Thyroid cancer,6.09E-06,7,37,10.84921764,http://www.genome.jp/kegg-bin/show_pathway?hsa05216 , CTNNB1  MYC  MAPK1  MAPK3  BAX  TCF7  TP53
hsa05320,Autoimmune thyroid disease,5.55E-08,10,53,10.81997446,http://www.genome.jp/kegg-bin/show_pathway?hsa05320 , CTLA4  IFNA1  IFNA2  FAS  IL2  FASLG  IL4  IL10  CD80  CD40
hsa04920,Adipocytokine signaling pathway,5.03E-10,13,69,10.80429334,http://www.genome.jp/kegg-bin/show_pathway?hsa04920 , PPARGC1A  AKT1  ACSL4  JAK2  NFKB1  POMC  PPARA  PRKAA1  PRKAA2  MAPK8  MAPK9  STAT3  TNFRSF1A
hsa04672,Intestinal immune network for IgA production,2.88E-07,9,48,10.75234962,http://www.genome.jp/kegg-bin/show_pathway?hsa04672 , IL2  IL4  IL6  IL10  CXCL12  TGFB1  CXCR4  CD80  CD40
hsa04926,Relaxin signaling pathway,2.14E-17,24,129,10.66899808,http://www.genome.jp/kegg-bin/show_pathway?hsa04926 , COL1A1  COL4A2  COL4A4  MAPK14  EDN1  EDNRB  EGFR  AKT1  FOS  GRB2  JUN  MMP2  MMP9  NFKB1  NOS1  NOS3  PIK3CA  PIK3R1  MAPK1  MAPK3  MAPK8  MAPK9  TGFB1  VEGFA
hsa05222,Small cell lung cancer,1.27E-12,17,92,10.59651847,http://www.genome.jp/kegg-bin/show_pathway?hsa05222 , CDK4  CDKN1A  COL4A2  COL4A4  AKT1  MYC  NFKB1  PIK3CA  PIK3R1  CYCS  PTGS2  BAX  BCL2  BCL2L1  TP53  CASP3  CASP9
hsa05135,Yersinia infection,7.31E-18,25,137,10.46457384,http://www.genome.jp/kegg-bin/show_pathway?hsa05135 , NLRP3  MAPK14  AKT1  FOS  PYCARD  IL1B  IL2  IL6  IL10  IL18  JUN  RHOA  MYD88  NFKB1  PIK3CA  PIK3R1  MAPK1  MAPK3  MAPK8  MAPK9  CCL2  TLR4  CASP1  CD4  CD8A
hsa04932,Non-alcoholic fatty liver disease,1.02E-19,28,155,10.35925297,http://www.genome.jp/kegg-bin/show_pathway?hsa04932 , COX8A  MAPK14  DDIT3  AKT1  FOS  FAS  IL1A  IL1B  FASLG  IL6  INS  JUN  NFKB1  PIK3CA  PIK3R1  CYCS  PPARA  PRKAA1  PRKAA2  MAPK8  MAPK9  BAX  SDHB  TGFB1  TNFRSF1A  XBP1  CASP3  CASP8
hsa04012,ErbB signaling pathway,5.01E-11,15,84,10.24033298,http://www.genome.jp/kegg-bin/show_pathway?hsa04012 , CDKN1A  HBEGF  EGF  EGFR  AKT1  GRB2  JUN  MYC  PIK3CA  PIK3R1  MAPK1  MAPK3  MAPK8  MAPK9  TGFA
hsa04610,Complement and coagulation cascades,5.80E-11,15,85,10.11985847,http://www.genome.jp/kegg-bin/show_pathway?hsa04610 , CFHR3  CLU  F2  F2R  CFH  CFHR1  ITGAM  ITGB2  CD46  SERPINC1  SERPINE1  PLAT  PLAU  C5AR1  VWF
hsa04664,Fc epsilon RI signaling pathway,5.23E-09,12,68,10.11985847,http://www.genome.jp/kegg-bin/show_pathway?hsa04664 , MAPK14  CSF2  AKT1  GRB2  IL4  PIK3CA  PIK3R1  MAPK1  MAPK3  MAPK8  MAPK9  SYK
hsa04658,Th1 and Th2 cell differentiation,1.63E-11,16,92,9.973193854,http://www.genome.jp/kegg-bin/show_pathway?hsa04658 , MAPK14  JAG1  FOS  IFNG  IL2  IL2RA  IL4  IL12A  JAK2  JUN  NFKB1  MAPK1  MAPK3  MAPK8  MAPK9  CD4
hsa04930,Type II diabetes mellitus,2.41E-06,8,46,9.973193854,http://www.genome.jp/kegg-bin/show_pathway?hsa04930 , HK2  INS  PIK3CA  PIK3R1  MAPK1  MAPK3  MAPK8  MAPK9
hsa05205,Proteoglycans in cancer,1.07E-23,35,202,9.936164669,http://www.genome.jp/kegg-bin/show_pathway?hsa05205 , CDKN1A  COL1A1  MAPK14  CTNNB1  HBEGF  EGFR  AKT1  FGF2  PDCD4  GRB2  HGF  HIF1A  IGF1  IGF1R  IGF2  FAS  FASLG  RHOA  MET  MMP2  MMP9  MYC  PIK3CA  PIK3R1  PLAU  MAPK1  MAPK3  STAT3  TGFB1  THBS1  TLR2  TLR4  TP53  VEGFA  CASP3
hsa05171,Coronavirus disease-COVID-19,1.04E-26,40,232,9.887218045,http://www.genome.jp/kegg-bin/show_pathway?hsa05171 , NLRP3  MAPK14  CSF2  CSF3  CYBB  ACE  HBEGF  AGTR1  EGFR  F2  FOS  DDX58  IFNA1  IFNA2  IL1B  IL2  IL6  IL12A  CXCL10  JUN  MYD88  NFKB1  PIK3CA  PIK3R1  MAPK1  MAPK3  MAPK8  MAPK9  ACE2  CCL2  STAT3  SYK  TLR2  TLR4  TMPRSS2  TNFRSF1A  C5AR1  VWF  CASP1  NRP1
hsa04151,PI3K-Akt signaling pathway,1.50E-40,61,354,9.881632046,http://www.genome.jp/kegg-bin/show_pathway?hsa04151 , CDK4  CDKN1A  COL1A1  COL4A2  COL4A4  CSF1  CSF3  EGF  EGFR  EPO  AKT1  F2R  FGF2  FOXO3  GHR  GRB2  HGF  IFNA1  IFNA2  IGF1  IGF1R  IGF2  IL2  IL2RA  FASLG  IL4  IL6  INS  JAK2  MET  MYC  NFKB1  NGFR  NOS3  PDGFA  PDGFB  PDGFRA  PDGFRB  PIK3CA  PIK3R1  PRKAA1  PRKAA2  MAPK1  MAPK3  PDGFC  PRL  BCL2  BCL2L1  SGK1  SPP1  SYK  TGFA  THBS1  THBS2  TLR2  TLR4  TP53  VEGFA  VWF  FGF23  CASP9
hsa04622,RIG-I-like receptor signaling pathway,7.20E-09,12,70,9.830719656,http://www.genome.jp/kegg-bin/show_pathway?hsa04622 , MAPK14  DDX58  IFNA1  IFNA2  IL12A  CXCL10  NFKB1  OTUD5  MAPK8  MAPK9  CASP8  RIPK1
hsa04217,Necroptosis,2.23E-18,27,159,9.737977018,http://www.genome.jp/kegg-bin/show_pathway?hsa04217 , NLRP3  PARP1  CYBB  PGAM5  MLKL  CHMP2A  PYCARD  HMGB1  IFNA1  IFNA2  IFNG  FAS  IL1A  IL1B  FASLG  JAK2  PPID  MAPK8  MAPK9  BAX  BCL2  STAT3  TLR4  TNFRSF1A  CASP1  CASP8  RIPK1
hsa04370,VEGF signaling pathway,1.59E-07,10,59,9.719638078,http://www.genome.jp/kegg-bin/show_pathway?hsa04370 , MAPK14  AKT1  NOS3  PIK3CA  PIK3R1  MAPK1  MAPK3  PTGS2  VEGFA  CASP9
hsa00750,Vitamin B6 metabolism,0.127504564,1,6,9.55764411,http://www.genome.jp/kegg-bin/show_pathway?hsa00750 , PDXP
hsa05163,Human cytomegalovirus infection,2.86E-24,37,224,9.472308002,http://www.genome.jp/kegg-bin/show_pathway?hsa05163 , CDK4  CDKN1A  CDKN2A  MAPK14  CTNNB1  EGFR  AKT1  GRB2  IFNA1  IFNA2  FAS  IL1B  IL1R1  FASLG  IL6  RHOA  MYC  NFKB1  PDGFRA  PIK3CA  PIK3R1  CYCS  MAPK1  MAPK3  PTGS2  BAX  CCL2  CXCL12  STAT3  TNFRSF1A  TP53  VEGFA  CXCR4  CASP3  CASP8  CASP9  RIPK1
hsa04621,NOD-like receptor signaling pathway,8.15E-20,30,183,9.40096142,http://www.genome.jp/kegg-bin/show_pathway?hsa04621 , TXNIP  NLRP3  MAPK14  CYBB  PANX1  PYCARD  CXCL2  IFNA1  IFNA2  IL1B  IL6  IL18  JUN  RHOA  MYD88  NFKB1  MAPK1  MAPK3  MAPK8  MAPK9  BCL2  BCL2L1  CCL2  TLR4  CASP1  CASP5  CASP8  MAP1LC3A  RIPK1  AIM2
hsa05169,Epstein-Barr virus infection,1.29E-21,33,202,9.368383831,http://www.genome.jp/kegg-bin/show_pathway?hsa05169 , CDK4  CDKN1A  MAPK14  AKT1  DDX58  ICAM1  IFNA1  IFNA2  FAS  IL6  CXCL10  ITGAL  JUN  MYC  MYD88  NFKB1  PIK3CA  PIK3R1  CYCS  MAPK8  MAPK9  BAX  BCL2  STAT3  SYK  TLR2  TP53  VIM  CASP3  CASP8  CASP9  RIPK1  CD40
hsa04061,Viral protein interaction with cytokine and cytokine receptor,5.02E-11,16,99,9.268018531,http://www.genome.jp/kegg-bin/show_pathway?hsa04061 , CSF1  CXCL2  IL2  IL2RA  IL6  IL10  IL18  CXCL10  PPBP  IL22RA1  CCL2  CCL7  CXCL12  TNFRSF1A  CXCR4  TNFSF14
hsa04640,Hematopoietic cell lineage,5.02E-11,16,99,9.268018531,http://www.genome.jp/kegg-bin/show_pathway?hsa04640 , CSF1  CSF2  CSF3  EPO  IL1A  IL1B  IL1R1  IL2RA  IL4  IL6  ITGAM  MME  CD4  CD8A  CD14  CD34
hsa04722,Neurotrophin signaling pathway,8.35E-13,19,119,9.156062425,http://www.genome.jp/kegg-bin/show_pathway?hsa04722 , MAPK14  AKT1  FOXO3  GRB2  FASLG  JUN  RHOA  NFKB1  NGFR  PIK3CA  PIK3R1  MAPK1  MAPK3  MAPK8  MAPK9  BAX  BCL2  TP53  CAMK4
hsa05200,Pathways in cancer,2.19E-53,84,530,9.08877855,http://www.genome.jp/kegg-bin/show_pathway?hsa05200 , CDK4  CDKN1A  CDKN2A  COL4A2  COL4A4  CTNNB1  NQO1  JAG1  AGT  AGTR1  EDN1  EDNRA  EDNRB  EGF  EGFR  EPO  AKT1  ETS1  F2  F2R  FGF2  FOS  ALK  BBC3  GRB2  HGF  HIF1A  HMOX1  IFNA1  IFNA2  IFNG  IGF1  IGF1R  IGF2  FAS  IL2  IL2RA  FASLG  IL4  IL6  IL12A  JAK2  JUN  JUP  RHOA  SMAD3  MET  MMP2  MMP9  MYC  NFE2L2  NFKB1  PDGFA  PDGFB  PDGFRA  PDGFRB  PIK3CA  PIK3R1  CYCS  EGLN1  MAPK1  MAPK3  MAPK8  MAPK9  PTGS2  BAX  BCL2  BCL2L1  BCR  CXCL12  STAT3  TCF7  TGFA  TGFB1  TP53  VEGFA  CXCR4  FGF23  CASP3  CASP8  CASP9  RUNX1  KEAP1  CDC42
hsa05225,Hepatocellular carcinoma,8.34E-17,26,167,8.92809869,http://www.genome.jp/kegg-bin/show_pathway?hsa05225 , CDK4  CDKN1A  CDKN2A  CTNNB1  NQO1  EGFR  AKT1  GRB2  HGF  HMOX1  IGF1R  IGF2  SMAD3  MET  MYC  NFE2L2  PIK3CA  PIK3R1  MAPK1  MAPK3  BAX  BCL2L1  TCF7  TGFA  TGFB1  TP53
hsa04510,Focal adhesion,9.90E-20,31,200,8.888609023,http://www.genome.jp/kegg-bin/show_pathway?hsa04510 , COL1A1  COL4A2  COL4A4  CTNNB1  EGF  EGFR  AKT1  GRB2  HGF  IGF1  IGF1R  JUN  RHOA  MET  PDGFA  PDGFB  PDGFRA  PDGFRB  PIK3CA  PIK3R1  MAPK1  MAPK3  MAPK8  MAPK9  PDGFC  BCL2  SPP1  THBS1  THBS2  VEGFA  VWF
hsa00790,Folate biosynthesis,0.001707609,4,26,8.822440717,http://www.genome.jp/kegg-bin/show_pathway?hsa00790 , AKR1B1  ALPI  ALPP  TPH1
hsa05166,Human T-cell leukemia virus 1 infection,2.36E-21,34,222,8.782699993,http://www.genome.jp/kegg-bin/show_pathway?hsa05166 , CDK4  CDKN1A  CDKN2A  CSF2  EGR1  AKT1  ETS1  FOS  ICAM1  IL1R1  IL2  IL2RA  IL6  ITGAL  ITGB2  JUN  SMAD3  MYC  NFKB1  PIK3CA  PIK3R1  MAPK1  MAPK3  MAPK8  MAPK9  BAX  BCL2L1  TGFB1  TNFRSF1A  TP53  FOSL1  NRP1  CD4  CD40
hsa05416,Viral myocarditis,1.91E-06,9,60,8.601879699,http://www.genome.jp/kegg-bin/show_pathway?hsa05416 , ICAM1  ITGAL  ITGB2  CYCS  CASP3  CASP8  CASP9  CD80  CD40
hsa04060,Cytokine-cytokine receptor interaction,1.01E-26,44,294,8.582374303,http://www.genome.jp/kegg-bin/show_pathway?hsa04060 , CSF1  CSF2  CSF3  EPO  MSTN  GHR  CXCL2  IFNA1  IFNA2  IFNG  FAS  IL1A  IL1B  IL1R1  IL1RN  IL2  IL2RA  FASLG  IL4  IL6  IL9  IL10  IL12A  IL17A  IL18  CXCL10  NGFR  IL22  IL17D  PPBP  PRL  IL22RA1  CCL2  CCL7  CXCL12  TGFB1  TNFRSF1A  CXCR4  TNFSF14  CD4  TNFRSF8  TNFSF8  GDF15  CD40
hsa05224,Breast cancer,4.67E-14,22,147,8.582374303,http://www.genome.jp/kegg-bin/show_pathway?hsa05224 , CDK4  CDKN1A  CTNNB1  JAG1  EGF  EGFR  AKT1  FGF2  FOS  GRB2  IGF1  IGF1R  JUN  MYC  PIK3CA  PIK3R1  MAPK1  MAPK3  BAX  TCF7  TP53  FGF23
hsa04072,Phospholipase D signaling pathway,5.20E-14,22,148,8.524385288,http://www.genome.jp/kegg-bin/show_pathway?hsa04072 , AGT  AGTR1  EGF  EGFR  AKT1  F2  F2R  GRB2  INS  RHOA  PDGFA  PDGFB  PDGFRA  PDGFRB  PIK3CA  PIK3R1  AVP  MAPK1  MAPK3  PDGFC  SYK  DGKE
hsa05226,Gastric cancer,5.20E-14,22,148,8.524385288,http://www.genome.jp/kegg-bin/show_pathway?hsa05226 , CDKN1A  CTNNB1  EGF  EGFR  AKT1  FGF2  GRB2  HGF  JUP  SMAD3  MET  MYC  PIK3CA  PIK3R1  MAPK1  MAPK3  BAX  BCL2  TCF7  TGFB1  TP53  FGF23
hsa04931,Insulin resistance,1.86E-10,16,108,8.495683654,http://www.genome.jp/kegg-bin/show_pathway?hsa04931 , PPARGC1A  AGT  AKT1  IL6  INS  NFKB1  NOS3  PIK3CA  PIK3R1  PPARA  PRKAA1  PRKAA2  MAPK8  MAPK9  STAT3  TNFRSF1A
hsa04015,Rap1 signaling pathway,3.98E-19,31,210,8.465341926,http://www.genome.jp/kegg-bin/show_pathway?hsa04015 , MAPK14  CSF1  CTNNB1  EGF  EGFR  AKT1  F2R  FGF2  HGF  IGF1  IGF1R  INS  ITGAL  ITGAM  ITGB2  RHOA  MET  NGFR  PDGFA  PDGFB  PDGFRA  PDGFRB  PIK3CA  PIK3R1  MAPK1  MAPK3  PDGFC  THBS1  VEGFA  FGF23  CDC42
hsa04218,Cellular senescence,1.64E-14,23,156,8.454839021,http://www.genome.jp/kegg-bin/show_pathway?hsa04218 , CDK4  CDKN1A  CDKN2A  MAPK14  HIPK1  AKT1  ETS1  FOXM1  FOXO3  SIRT1  IL1A  IL6  SMAD3  MYC  NFKB1  SERPINE1  PIK3CA  PIK3R1  PPID  MAPK1  MAPK3  TGFB1  TP53
hsa05130,Pathogenic Escherichia coli infection,5.98E-18,29,197,8.441777031,http://www.genome.jp/kegg-bin/show_pathway?hsa05130 , NLRP3  MAPK14  F2  F2R  FOS  PYCARD  FAS  IL1B  IL1R1  FASLG  IL6  IL18  JUN  RHOA  MYD88  NFKB1  CYCS  MAPK1  MAPK3  MAPK8  MAPK9  BAX  TLR4  TNFRSF1A  CASP1  CASP3  CASP8  CASP9  RIPK1
hsa05131,Shigellosis,7.65E-22,36,246,8.392077755,http://www.genome.jp/kegg-bin/show_pathway?hsa05131 , RRAGA  NLRP3  MAPK14  CSF2  EGFR  AKT1  FOXO3  PYCARD  HK2  IL1B  IL1R1  IL18  JUN  RHOA  MYD88  NFKB1  PIK3CA  PIK3R1  CYCS  PPID  MAPK1  MAPK3  MAPK8  MAPK9  BAX  BCL2  BCL2L1  BNIP3  TLR4  TNFRSF1A  TP53  CASP1  MAP1LC3A  BECN1  RIPK1  CD14
hsa04010,MAPK signaling pathway,5.95E-25,42,294,8.19226638,http://www.genome.jp/kegg-bin/show_pathway?hsa04010 , MAPK14  CSF1  DDIT3  EGF  EGFR  AKT1  FGF2  FOS  GRB2  HGF  IGF1  IGF1R  IGF2  FAS  IL1A  IL1B  IL1R1  FASLG  INS  JUN  MET  MYC  MYD88  NFKB1  NGFR  PDGFA  PDGFB  PDGFRA  PDGFRB  MAPK1  MAPK3  MAPK8  MAPK9  PDGFC  TGFA  TGFB1  TNFRSF1A  TP53  VEGFA  FGF23  CASP3  CD14
hsa05120,Epithelial cell signaling in Helicobacter pylori infection,8.03E-07,10,70,8.19226638,http://www.genome.jp/kegg-bin/show_pathway?hsa05120 , MAPK14  HBEGF  EGFR  CXCL2  JUN  MET  NFKB1  MAPK8  MAPK9  CASP3
hsa04140,Autophagy-animal,1.91E-12,20,141,8.1341652,http://www.genome.jp/kegg-bin/show_pathway?hsa04140 , ATG7  RRAGA  AKT1  HIF1A  HMGB1  IGF1R  INS  PIK3CA  PIK3R1  PRKAA1  PRKAA2  MAPK1  MAPK3  MAPK8  MAPK9  BCL2  BCL2L1  BNIP3  MAP1LC3A  BECN1
hsa04520,Adherens junction,9.06E-07,10,71,8.076882347,http://www.genome.jp/kegg-bin/show_pathway?hsa04520 , CTNNB1  EGFR  IGF1R  RHOA  SMAD3  MET  MAPK1  MAPK3  TCF7  CDC42
hsa04670,Leukocyte transendothelial migration,4.17E-10,16,114,8.048542409,http://www.genome.jp/kegg-bin/show_pathway?hsa04670 , MAPK14  CTNNB1  CYBB  ICAM1  ITGAL  ITGAM  ITGB2  ITK  RHOA  MMP2  MMP9  PIK3CA  PIK3R1  CXCL12  VCAM1  CXCR4
hsa05208,Chemical carcinogenesis-reactive oxygen species,2.18E-18,31,223,7.971846657,http://www.genome.jp/kegg-bin/show_pathway?hsa05208 , PPIF  COX8A  MAPK14  NQO1  EGF  EGFR  AHR  AKT1  FOXO3  FOS  NOX1  GRB2  HGF  HIF1A  HMOX1  JUN  MET  NFE2L2  NFKB1  NOX4  PIK3CA  PIK3R1  MAPK1  MAPK3  MAPK8  MAPK9  SDHB  SOD1  SOD2  VEGFA  CAT
hsa05170,Human immunodeficiency virus 1 infection,3.28E-17,29,210,7.919190834,http://www.genome.jp/kegg-bin/show_pathway?hsa05170 , MAPK14  AKT1  FOS  IFNA1  IFNA2  FAS  FASLG  JUN  MYD88  NFKB1  PIK3CA  PIK3R1  CYCS  MAPK1  MAPK3  MAPK8  MAPK9  BAX  BCL2  BCL2L1  TLR2  TLR4  TNFRSF1A  CXCR4  CASP3  CASP8  CASP9  RIPK1  CD4
hsa04923,Regulation of lipolysis in adipocytes,1.39E-05,8,58,7.909774436,http://www.genome.jp/kegg-bin/show_pathway?hsa04923 , AKT1  FABP4  INS  NPPA  PIK3CA  PIK3R1  PTGS1  PTGS2
hsa04014,Ras signaling pathway,1.12E-18,32,235,7.808798592,http://www.genome.jp/kegg-bin/show_pathway?hsa04014 , CSF1  EGF  EGFR  AKT1  ETS1  FGF2  GRB2  HGF  IGF1  IGF1R  IGF2  FASLG  INS  RHOA  MET  NFKB1  NGFR  PDGFA  PDGFB  PDGFRA  PDGFRB  PIK3CA  PIK3R1  MAPK1  MAPK3  MAPK8  MAPK9  PDGFC  BCL2L1  TGFA  VEGFA  FGF23
hsa05202,Transcriptional misregulation in cancer,2.81E-15,26,193,7.725349644,http://www.genome.jp/kegg-bin/show_pathway?hsa05202 , CDKN1A  CSF2  DDIT3  IGF1  IGF1R  IL6  ITGAM  JUP  MET  MMP9  MPO  MYC  NFKB1  NGFR  PDGFA  PLAT  PLAU  BAX  BCL2L1  ZEB1  TMPRSS2  TP53  RUNX1  PER2  CD14  CD40
hsa04071,Sphingolipid signaling pathway,7.81E-10,16,119,7.710368358,http://www.genome.jp/kegg-bin/show_pathway?hsa04071 , MAPK14  AKT1  RHOA  NFKB1  NOS3  PIK3CA  PIK3R1  MAPK1  MAPK3  MAPK8  MAPK9  BAX  BCL2  TNFRSF1A  TP53  DEGS1
hsa00730,Thiamine metabolism,0.037966409,2,15,7.646115288,http://www.genome.jp/kegg-bin/show_pathway?hsa00730 , ALPI  ALPP
hsa05415,Diabetic cardiomyopathy,1.13E-15,27,203,7.627282492,http://www.genome.jp/kegg-bin/show_pathway?hsa05415 , PPIF  COL1A1  COX8A  PARP1  MAPK14  CYBB  ACE  AGT  AGTR1  AKT1  G6PD  GSR  INS  SMAD3  MMP2  MMP9  NFKB1  NOS3  PIK3CA  PIK3R1  PPARA  MAPK8  MAPK9  REN  SDHB  TGFB1  TNNI3
hsa05132,Salmonella infection,7.32E-19,33,249,7.600054353,http://www.genome.jp/kegg-bin/show_pathway?hsa05132 , NLRP3  MAPK14  CTNNB1  MLKL  AKT1  FOS  PYCARD  IL1B  IL6  IL18  JUN  RHOA  MYC  MYD88  NFKB1  PIK3CA  CYCS  MAPK1  MAPK3  MAPK8  MAPK9  BAX  BCL2  TCF7  TLR2  TLR4  TNFRSF1A  CASP1  CASP3  CASP5  CASP8  RIPK1  CD14
hsa04613,Neutrophil extracellular trap formation,1.41E-14,25,189,7.585431834,http://www.genome.jp/kegg-bin/show_pathway?hsa04613 , PPIF  ATG7  MAPK14  CYBB  AKT1  FCGR3A  HMGB1  ITGAL  ITGAM  ITGB2  MPO  NFKB1  PIK3CA  PIK3R1  MAPK1  MAPK3  SYK  TLR2  TLR4  C5AR1  VWF  CASP1  HAT1  HDAC3  HDAC9
hsa04650,Natural killer cell mediated cytotoxicity,3.50E-10,17,130,7.49907461,http://www.genome.jp/kegg-bin/show_pathway?hsa04650 , CSF2  FCGR3A  GRB2  ICAM1  IFNA1  IFNA2  IFNG  FAS  FASLG  ITGAL  ITGB2  PIK3CA  PIK3R1  MAPK1  MAPK3  SYK  CASP3
hsa04371,Apelin signaling pathway,1.09E-10,18,138,7.479895391,http://www.genome.jp/kegg-bin/show_pathway?hsa04371 , PPARGC1A  JAG1  AGTR1  EGR1  AKT1  SMAD3  NOS1  NOS3  SERPINE1  PLAT  PRKAA1  PRKAA2  MAPK1  MAPK3  SPP1  CAMK4  MAP1LC3A  BECN1
hsa04924,Renin secretion,6.09E-06,9,69,7.479895391,http://www.genome.jp/kegg-bin/show_pathway?hsa04924 , ACE  AGT  AGTR1  EDN1  EDN3  EDNRA  AQP1  NPPA  REN
hsa04964,Proximal tubule bicarbonate reclamation,0.011014803,3,23,7.479895391,http://www.genome.jp/kegg-bin/show_pathway?hsa04964 , GLS2  GLS  AQP1
hsa05310,Asthma,0.003216869,4,31,7.399466408,http://www.genome.jp/kegg-bin/show_pathway?hsa05310 , IL4  IL9  IL10  CD40
hsa04935,Growth hormone synthesis secretion and action,7.20E-09,15,120,7.168233083,http://www.genome.jp/kegg-bin/show_pathway?hsa04935 , MAPK14  AKT1  FOS  GHR  GRB2  IGF1  IGFALS  JAK2  PIK3CA  PIK3R1  MAPK1  MAPK3  MAPK8  MAPK9  STAT3
hsa04540,Gap junction,8.34E-07,11,88,7.168233083,http://www.genome.jp/kegg-bin/show_pathway?hsa04540 , EGF  EGFR  GRB2  HTR2B  PDGFA  PDGFB  PDGFRA  PDGFRB  MAPK1  MAPK3  PDGFC
hsa00360,Phenylalanine metabolism,0.042358219,2,16,7.168233083,http://www.genome.jp/kegg-bin/show_pathway?hsa00360 , DDC  MAOA
hsa04662,B cell receptor signaling pathway,2.98E-06,10,81,7.079736378,http://www.genome.jp/kegg-bin/show_pathway?hsa04662 , AKT1  FOS  GRB2  JUN  NFKB1  PIK3CA  PIK3R1  MAPK1  MAPK3  SYK
hsa05410,Hypertrophic cardiomyopathy,1.04E-06,11,90,7.008939014,http://www.genome.jp/kegg-bin/show_pathway?hsa05410 , ACE  AGT  EDN1  IGF1  IL6  PRKAA1  PRKAA2  ACTC1  TGFB1  TNNI3  TNNT2
hsa04611,Platelet activation,1.12E-08,15,124,6.936999757,http://www.genome.jp/kegg-bin/show_pathway?hsa04611 , COL1A1  MAPK14  AKT1  F2  F2R  RHOA  NOS3  PIK3CA  PIK3R1  MAPK1  MAPK3  PTGS1  SYK  TBXAS1  VWF
hsa00380,Tryptophan metabolism,0.001368768,5,42,6.82688865,http://www.genome.jp/kegg-bin/show_pathway?hsa00380 , DDC  ALDH2  MAOA  TPH1  CAT
hsa04550,Signaling pathways regulating pluripotency of stem cells,1.50E-09,17,143,6.817340554,http://www.genome.jp/kegg-bin/show_pathway?hsa04550 , MAPK14  CTNNB1  AKT1  FGF2  GRB2  IGF1  IGF1R  JAK2  SMAD3  MYC  PIK3CA  PIK3R1  MAPK1  MAPK3  STAT3  TCF7  KLF4
hsa04912,GnRH signaling pathway,1.42E-06,11,93,6.782844207,http://www.genome.jp/kegg-bin/show_pathway?hsa04912 , MAPK14  HBEGF  EGFR  EGR1  GRB2  JUN  MMP2  MAPK1  MAPK3  MAPK8  MAPK9
hsa04979,Cholesterol metabolism,0.000447861,6,51,6.746572313,http://www.genome.jp/kegg-bin/show_pathway?hsa04979 , PCSK9  MYLIP  APOA1  LIPC  LPL  LRP2
hsa04710,Circadian rhythm,0.004487636,4,34,6.746572313,http://www.genome.jp/kegg-bin/show_pathway?hsa04710 , PRKAA1  PRKAA2  RORC  PER2
hsa04915,Estrogen signaling pathway,6.63E-09,16,138,6.648795903,http://www.genome.jp/kegg-bin/show_pathway?hsa04915 , HBEGF  EGFR  AKT1  FOS  GRB2  JUN  MMP2  MMP9  NOS3  PIK3CA  PIK3R1  POMC  MAPK1  MAPK3  BCL2  TGFA
hsa04928,Parathyroid hormone synthesis secretion and action,7.52E-07,12,106,6.491984679,http://www.genome.jp/kegg-bin/show_pathway?hsa04928 , HBEGF  EGFR  EGR1  FOS  RHOA  MAPK1  MAPK3  PTH  PTHLH  BCL2  FGF23  KL
hsa05207,Chemical carcinogenesis-receptor activation,1.78E-11,22,197,6.404106713,http://www.genome.jp/kegg-bin/show_pathway?hsa05207 , CYP2B6  JAG1  EGF  EGFR  AHR  AKT1  FGF2  FOS  GRB2  JAK2  JUN  MYC  NFKB1  PIK3CA  PIK3R1  PPARA  MAPK1  MAPK3  BCL2  STAT3  VEGFA  KLF4
hsa00061,Fatty acid biosynthesis,0.052303944,2,18,6.37176274,http://www.genome.jp/kegg-bin/show_pathway?hsa00061 , ACSL4  MCAT
hsa04914,Progesterone-mediated oocyte maturation,3.47E-06,11,102,6.184357954,http://www.genome.jp/kegg-bin/show_pathway?hsa04914 , MAPK14  AKT1  IGF1  IGF1R  INS  PIK3CA  PIK3R1  MAPK1  MAPK3  MAPK8  MAPK9
hsa04152,AMPK signaling pathway,4.59E-07,13,121,6.161125955,http://www.genome.jp/kegg-bin/show_pathway?hsa04152 , RAB10  PPARGC1A  ELAVL1  AKT1  FOXO3  SIRT1  IGF1  IGF1R  INS  PIK3CA  PIK3R1  PRKAA1  PRKAA2
hsa04973,Carbohydrate digestion and absorption,0.002219894,5,47,6.1006239,http://www.genome.jp/kegg-bin/show_pathway?hsa04973 , AKT1  HK2  LCT  PIK3CA  PIK3R1
hsa00480,Glutathione metabolism,0.000816704,6,57,6.036406806,http://www.genome.jp/kegg-bin/show_pathway?hsa00480 , G6PD  GGT1  GPX4  GSR  ODC1  LAP3
hsa00531,Glycosaminoglycan degradation,0.057531748,2,19,6.036406806,http://www.genome.jp/kegg-bin/show_pathway?hsa00531 , HEXA  NAGLU
hsa04062,Chemokine signaling pathway,4.74E-10,20,191,6.004802582,http://www.genome.jp/kegg-bin/show_pathway?hsa04062 , AKT1  FGR  FOXO3  GRB2  CXCL2  CXCL10  ITK  JAK2  RHOA  NFKB1  PIK3CA  PIK3R1  PPBP  MAPK1  MAPK3  CCL2  CCL7  CXCL12  STAT3  CXCR4
hsa04810,Regulation of actin cytoskeleton,1.15E-10,22,217,5.813866463,http://www.genome.jp/kegg-bin/show_pathway?hsa04810 , EGF  EGFR  F2  F2R  FGF2  INS  ITGAL  ITGAM  ITGB2  RHOA  PDGFA  PDGFB  PDGFRA  PDGFRB  PIK3CA  PIK3R1  MAPK1  MAPK3  PDGFC  CXCL12  CXCR4  FGF23
hsa01523,Antifolate resistance,0.021943792,3,30,5.734586466,http://www.genome.jp/kegg-bin/show_pathway?hsa01523 , IL1B  IL6  NFKB1
hsa05165,Human papillomavirus infection,2.94E-15,33,331,5.717261432,http://www.genome.jp/kegg-bin/show_pathway?hsa05165 , CDK4  CDKN1A  COL1A1  COL4A2  COL4A4  CTNNB1  JAG1  EGF  EGFR  AKT1  GRB2  IFNA1  IFNA2  FAS  FASLG  NFKB1  PDGFRB  PIK3CA  PIK3R1  MAPK1  MAPK3  PTGS2  BAX  SPP1  TCF7  THBS1  THBS2  TNFRSF1A  TP53  VEGFA  VWF  CASP3  CASP8
hsa05203,Viral carcinogenesis,1.26E-09,20,202,5.677808382,http://www.genome.jp/kegg-bin/show_pathway?hsa05203 , CDK4  CDKN1A  CDKN2A  GRB2  GTF2A1  JUN  RHOA  NFKB1  PIK3CA  PIK3R1  MAPK1  MAPK3  BAX  STAT3  SYK  TP53  CASP3  CASP8  HDAC3  HDAC9
hsa00590,Arachidonic acid metabolism,0.001171741,6,61,5.640576852,http://www.genome.jp/kegg-bin/show_pathway?hsa00590 , CYP2B6  GGT1  GPX4  PTGS1  PTGS2  TBXAS1
hsa04150,mTOR signaling pathway,2.21E-07,15,155,5.549599806,http://www.genome.jp/kegg-bin/show_pathway?hsa04150 , RRAGA  AKT1  GRB2  IGF1  IGF1R  INS  RHOA  PIK3CA  PIK3R1  PRKAA1  PRKAA2  MAPK1  MAPK3  SGK1  TNFRSF1A
hsa00052,Galactose metabolism,0.023751822,3,31,5.549599806,http://www.genome.jp/kegg-bin/show_pathway?hsa00052 , AKR1B1  HK2  LCT
hsa04910,Insulin signaling pathway,1.81E-06,13,137,5.441578399,http://www.genome.jp/kegg-bin/show_pathway?hsa04910 , PPARGC1A  AKT1  GRB2  HK2  INS  PIK3CA  PIK3R1  PRKAA1  PRKAA2  MAPK1  MAPK3  MAPK8  MAPK9
hsa04929,GnRH secretion,0.001487867,6,64,5.376174812,http://www.genome.jp/kegg-bin/show_pathway?hsa04929 , AKT1  PIK3CA  PIK3R1  MAPK1  MAPK3  SPP1
hsa00860,Porphyrin metabolism,0.010173785,4,43,5.334499038,http://www.genome.jp/kegg-bin/show_pathway?hsa00860 , CP  ALAS1  HMOX1  UROD
hsa04750,Inflammatory mediator regulation of TRP channels,0.000102267,9,98,5.266456959,http://www.genome.jp/kegg-bin/show_pathway?hsa04750 , MAPK14  HTR2B  IGF1  IL1B  IL1R1  PIK3CA  PIK3R1  MAPK8  MAPK9
hsa05010,Alzheimer disease,5.76E-15,35,384,5.226836623,http://www.genome.jp/kegg-bin/show_pathway?hsa05010 , PPIF  COX8A  CSF1  CTNNB1  CYBB  DDIT3  AKT1  ATF6  NOX1  FAS  IL1A  IL1B  IL6  INS  LPL  MME  NFKB1  NOS1  NOX4  PIK3CA  PIK3R1  CYCS  PPID  MAPK1  MAPK3  MAPK8  MAPK9  PTGS2  SDHB  TNFRSF1A  XBP1  CASP3  CASP8  CASP9  BECN1
hsa04919,Thyroid hormone signaling pathway,1.75E-05,11,121,5.213260424,http://www.genome.jp/kegg-bin/show_pathway?hsa04919 , CTNNB1  AKT1  HIF1A  MYC  PIK3CA  PIK3R1  MAPK1  MAPK3  TP53  CASP9  HDAC3
hsa04512,ECM-receptor interaction,0.000279059,8,88,5.213260424,http://www.genome.jp/kegg-bin/show_pathway?hsa04512 , COL1A1  COL4A2  COL4A4  SPP1  THBS1  THBS2  VWF  CD47
hsa03410,Base excision repair,0.027831779,3,33,5.213260424,http://www.genome.jp/kegg-bin/show_pathway?hsa03410 , PARP1  HMGB1  PCNA
hsa00340,Histidine metabolism,0.073767991,2,22,5.213260424,http://www.genome.jp/kegg-bin/show_pathway?hsa00340 , ALDH2  MAOA
hsa04024,cAMP signaling pathway,5.73E-09,20,221,5.18967101,http://www.genome.jp/kegg-bin/show_pathway?hsa04024 , EDN1  EDN3  EDNRA  AKT1  F2R  FOS  JUN  RHOA  NFKB1  NPPA  PIK3CA  PIK3R1  POMC  PPARA  MAPK1  MAPK3  MAPK8  MAPK9  TNNI3  CAMK4
hsa04514,Cell adhesion molecules,1.38E-06,14,156,5.146423752,http://www.genome.jp/kegg-bin/show_pathway?hsa04514 , CTLA4  CD274  ICAM1  ITGAL  ITGAM  ITGB2  NCAM1  SELL  VCAM1  CD4  CD8A  CD80  CD34  CD40
hsa04020,Calcium signaling pathway,4.26E-09,21,240,5.017763158,http://www.genome.jp/kegg-bin/show_pathway?hsa04020 , AGTR1  EDNRA  EDNRB  EGF  EGFR  F2R  FGF2  HGF  HTR2B  MET  NOS1  NOS3  PDGFA  PDGFB  PDGFRA  PDGFRB  PDGFC  VEGFA  CXCR4  FGF23  CAMK4
hsa05031,Amphetamine addiction,0.002173745,6,69,4.986596927,http://www.genome.jp/kegg-bin/show_pathway?hsa05031 , DDC  SIRT1  FOS  JUN  MAOA  CAMK4
hsa05022,Pathways of neurodegeneration-multiple diseases,1.64E-16,41,476,4.939454729,http://www.genome.jp/kegg-bin/show_pathway?hsa05022 , PPIF  COX8A  MAPK14  CSF1  CTNNB1  CYBB  DDIT3  ATF6  NOX1  HSPA5  FAS  IL1A  IL1B  FASLG  IL6  NFKB1  NOS1  NOX4  CYCS  PPID  MAPK1  MAPK3  MAPK8  MAPK9  PTGS2  BAX  BCL2  BCL2L1  SDHB  PINK1  SOD1  TNFRSF1A  VCP  XBP1  CASP3  CASP8  CASP9  MAP1LC3A  CAT  BECN1  MFN2
hsa04145,Phagosome,5.21E-06,13,151,4.937061196,http://www.genome.jp/kegg-bin/show_pathway?hsa04145 , CYBB  FCGR3A  ITGAM  ITGB2  MPO  NOS1  SFTPA1  THBS1  THBS2  TLR2  TLR4  CD14  SCARB1
hsa04350,TGF-beta signaling pathway,0.000402469,8,93,4.932977605,http://www.genome.jp/kegg-bin/show_pathway?hsa04350 , IFNG  RHOA  SMAD3  MYC  MAPK1  MAPK3  TGFB1  THBS1
hsa05150,Staphylococcus aureus infection,0.000430682,8,94,4.88049912,http://www.genome.jp/kegg-bin/show_pathway?hsa05150 , FCGR3A  CFH  ICAM1  IL10  ITGAL  ITGAM  ITGB2  C5AR1
hsa04921,Oxytocin signaling pathway,6.36E-06,13,154,4.840884679,http://www.genome.jp/kegg-bin/show_pathway?hsa04921 , CDKN1A  EGFR  FOS  JUN  RHOA  NOS3  NPPA  PRKAA1  PRKAA2  MAPK1  MAPK3  PTGS2  CAMK4
hsa05020,Prion disease,1.51E-09,23,273,4.831336583,http://www.genome.jp/kegg-bin/show_pathway?hsa05020 , PPIF  COX8A  MAPK14  CYBB  DDIT3  EGR1  HSPA5  IL1A  IL1B  IL6  NCAM1  PIK3CA  PIK3R1  CYCS  MAPK1  MAPK3  MAPK8  MAPK9  BAX  SDHB  SOD1  CASP3  CASP9
hsa04934,Cushing syndrome,6.79E-06,13,155,4.809653165,http://www.genome.jp/kegg-bin/show_pathway?hsa04934 , CDK4  CDKN1A  CDKN2A  CTNNB1  AGT  AGTR1  EGFR  AHR  POMC  MAPK1  MAPK3  TCF7  SCARB1
hsa04730,Long-term depression,0.006218736,5,60,4.778822055,http://www.genome.jp/kegg-bin/show_pathway?hsa04730 , IGF1  IGF1R  NOS1  MAPK1  MAPK3
hsa00760,Nicotinate and nicotinamide metabolism,0.034722647,3,36,4.778822055,http://www.genome.jp/kegg-bin/show_pathway?hsa00760 , SIRT4  SIRT3  SIRT1
hsa04977,Vitamin digestion and absorption,0.085785092,2,24,4.778822055,http://www.genome.jp/kegg-bin/show_pathway?hsa04977 , APOA1  SCARB1
hsa04270,Vascular smooth muscle contraction,4.59E-05,11,134,4.707496353,http://www.genome.jp/kegg-bin/show_pathway?hsa04270 , AGT  AGTR1  EDN1  EDN3  EDNRA  RHOA  NPPA  NPPB  AVP  MAPK1  MAPK3
hsa05030,Cocaine addiction,0.015450591,4,49,4.681295074,http://www.genome.jp/kegg-bin/show_pathway?hsa05030 , DDC  JUN  MAOA  NFKB1
hsa00250,Alanine aspartate and glutamate metabolism,0.037131683,3,37,4.649664702,http://www.genome.jp/kegg-bin/show_pathway?hsa00250 , GLS2  GLS  GPT
hsa00561,Glycerolipid metabolism,0.007086396,5,62,4.624666505,http://www.genome.jp/kegg-bin/show_pathway?hsa00561 , ALDH2  AKR1B1  LIPC  LPL  DGKE
hsa04726,Serotonergic synapse,0.000281223,9,112,4.608149839,http://www.genome.jp/kegg-bin/show_pathway?hsa04726 , DDC  HTR2B  MAOA  MAPK1  MAPK3  PTGS1  PTGS2  TPH1  CASP3
hsa03320,PPAR signaling pathway,0.003216869,6,75,4.587669173,http://www.genome.jp/kegg-bin/show_pathway?hsa03320 , FABP4  FABP1  ACSL4  APOA1  LPL  PPARA
hsa04725,Cholinergic synapse,0.00029908,9,113,4.567369752,http://www.genome.jp/kegg-bin/show_pathway?hsa04725 , AKT1  FOS  JAK2  PIK3CA  PIK3R1  MAPK1  MAPK3  BCL2  CAMK4
hsa04110,Cell cycle,0.000138231,10,126,4.5512591,http://www.genome.jp/kegg-bin/show_pathway?hsa04110 , CDK4  CDKN1A  CDKN2A  SMAD3  MYC  PCNA  PRKDC  TFDP2  TGFB1  TP53
hsa05340,Primary immunodeficiency,0.038876751,3,38,4.527305105,http://www.genome.jp/kegg-bin/show_pathway?hsa05340 , CD4  CD8A  CD40
hsa04913,Ovarian steroidogenesis,0.017472038,4,51,4.497714875,http://www.genome.jp/kegg-bin/show_pathway?hsa04913 , IGF1  IGF1R  INS  PTGS2
hsa05100,Bacterial invasion of epithelial cells,0.003659142,6,77,4.468508935,http://www.genome.jp/kegg-bin/show_pathway?hsa05100 , CTNNB1  RHOA  MET  PIK3CA  PIK3R1  CDC42
hsa04950,Maturity onset diabetes of the young,0.097456701,2,26,4.411220359,http://www.genome.jp/kegg-bin/show_pathway?hsa04950 , NR5A2  INS
hsa05012,Parkinson disease,1.22E-07,20,266,4.311719147,http://www.genome.jp/kegg-bin/show_pathway?hsa05012 , PPIF  COX8A  DDIT3  ATF6  HSPA5  MAOA  NFE2L2  CYCS  MAPK8  MAPK9  BAX  BCL2L1  SDHB  PINK1  SOD1  TP53  XBP1  CASP3  CASP9  KEAP1
hsa04022,cGMP-PKG signaling pathway,6.94E-05,12,166,4.145484192,http://www.genome.jp/kegg-bin/show_pathway?hsa04022 , PPIF  AGTR1  EDNRA  EDNRB  AKT1  INS  RHOA  NOS3  NPPA  NPPB  MAPK1  MAPK3
hsa04666,Fc gamma R-mediated phagocytosis,0.00259953,7,97,4.138361367,http://www.genome.jp/kegg-bin/show_pathway?hsa04666 , AKT1  FCGR3A  PIK3CA  PIK3R1  MAPK1  MAPK3  SYK
hsa04141,Protein processing in endoplasmic reticulum,8.22E-05,12,169,4.071895716,http://www.genome.jp/kegg-bin/show_pathway?hsa04141 , DDIT3  ATF6  HSPA5  NFE2L2  MAPK8  MAPK9  SAR1A  BAX  BCL2  VCP  XBP1  MBTPS1
hsa04916,Melanogenesis,0.003216869,7,101,3.974465868,http://www.genome.jp/kegg-bin/show_pathway?hsa04916 , CTNNB1  EDN1  EDNRB  POMC  MAPK1  MAPK3  TCF7
hsa04261,Adrenergic signaling in cardiomyocytes,0.000523626,10,149,3.848715749,http://www.genome.jp/kegg-bin/show_pathway?hsa04261 , MAPK14  AGT  AGTR1  AKT1  MAPK1  MAPK3  BCL2  ACTC1  TNNI3  TNNT2
hsa04918,Thyroid hormone synthesis,0.014942169,5,75,3.823057644,http://www.genome.jp/kegg-bin/show_pathway?hsa04918 , ALB  GSR  HSPA5  LRP2  TTR
hsa00020,Citrate cycle (TCA cycle),0.122559986,2,30,3.823057644,http://www.genome.jp/kegg-bin/show_pathway?hsa00020 , MDH2  SDHB
hsa00630,Glyoxylate and dicarboxylate metabolism,0.122559986,2,30,3.823057644,http://www.genome.jp/kegg-bin/show_pathway?hsa00630 , MDH2  CAT
hsa00410,beta-Alanine metabolism,0.128442621,2,31,3.699733204,http://www.genome.jp/kegg-bin/show_pathway?hsa00410 , ALDH2  SMOX
hsa04612,Antigen processing and presentation,0.017261313,5,78,3.676016965,http://www.genome.jp/kegg-bin/show_pathway?hsa04612 , HSPA5  IFNG  LGMN  CD4  CD8A
hsa05217,Basal cell carcinoma,0.034403478,4,63,3.64100728,http://www.genome.jp/kegg-bin/show_pathway?hsa05217 , CTNNB1  BAX  TCF7  TP53
hsa05017,Spinocerebellar ataxia,0.001516391,9,142,3.634597056,http://www.genome.jp/kegg-bin/show_pathway?hsa05017 , PPIF  AKT1  PIK3CA  PIK3R1  CYCS  MAPK8  MAPK9  XBP1  BECN1
hsa05014,Amyotrophic lateral sclerosis,2.91E-07,23,364,3.623502437,http://www.genome.jp/kegg-bin/show_pathway?hsa05014 , COX8A  MAPK14  DDIT3  ATF6  HSPA5  NOS1  CYCS  BAX  BCL2  BCL2L1  SDHB  PINK1  SOD1  TNFRSF1A  TP53  VCP  XBP1  CASP1  CASP3  CASP9  MAP1LC3A  CAT  BECN1
hsa05414,Dilated cardiomyopathy,0.010357758,6,96,3.584116541,http://www.genome.jp/kegg-bin/show_pathway?hsa05414 , AGT  IGF1  ACTC1  TGFB1  TNNI3  TNNT2
hsa04927,Cortisol synthesis and secretion,0.037525008,4,65,3.528976287,http://www.genome.jp/kegg-bin/show_pathway?hsa04927 , AGT  AGTR1  POMC  SCARB1
hsa04925,Aldosterone synthesis and secretion,0.011308315,6,98,3.510971306,http://www.genome.jp/kegg-bin/show_pathway?hsa04925 , AGT  AGTR1  NPPA  POMC  CAMK4  SCARB1
hsa00520,Amino sugar and nucleotide sugar metabolism,0.071904103,3,49,3.510971306,http://www.genome.jp/kegg-bin/show_pathway?hsa00520 , HEXA  HK2  RENBP
hsa05168,Herpes simplex virus 1 infection,9.72E-09,30,495,3.475506949,http://www.genome.jp/kegg-bin/show_pathway?hsa05168 , AKT1  DDX58  IFNA1  IFNA2  IFNG  FAS  IL1B  FASLG  IL6  IL12A  JAK2  MYD88  NFKB1  PIK3CA  PIK3R1  CYCS  POU2F2  BAX  BCL2  BCL2L1  CCL2  SRPK1  SYK  TLR2  TNFRSF1A  TP53  CASP3  CASP8  CASP9  TNFSF14
hsa00051,Fructose and mannose metabolism,0.141416255,2,33,3.475506949,http://www.genome.jp/kegg-bin/show_pathway?hsa00051 , AKR1B1  HK2
hsa04310,Wnt signaling pathway,0.001440688,10,170,3.373286157,http://www.genome.jp/kegg-bin/show_pathway?hsa04310 , CTNNB1  JUN  RHOA  SMAD3  MYC  MAPK8  MAPK9  TCF7  TP53  FOSL1
hsa04974,Protein digestion and absorption,0.014075905,6,103,3.340535806,http://www.genome.jp/kegg-bin/show_pathway?hsa04974 , COL1A1  COL4A2  COL4A4  DPP4  MME  ACE2
hsa04390,Hippo signaling pathway,0.00297288,9,157,3.28734256,http://www.genome.jp/kegg-bin/show_pathway?hsa04390 , YAP1  CTNNB1  BBC3  ITGB2  SMAD3  MYC  SERPINE1  TCF7  TGFB1
hsa00040,Pentose and glucuronate interconversions,0.154544806,2,35,3.276906552,http://www.genome.jp/kegg-bin/show_pathway?hsa00040 , AKR1B1  KL
hsa04922,Glucagon signaling pathway,0.015842801,6,106,3.245992339,http://www.genome.jp/kegg-bin/show_pathway?hsa04922 , PPARGC1A  AKT1  SIRT1  PPARA  PRKAA1  PRKAA2
hsa00350,Tyrosine metabolism,0.16115265,2,36,3.18588137,http://www.genome.jp/kegg-bin/show_pathway?hsa00350 , DDC  MAOA
hsa04530,Tight junction,0.004708127,9,169,3.053921787,http://www.genome.jp/kegg-bin/show_pathway?hsa04530 , CDK4  JUN  RHOA  PCNA  PRKAA1  PRKAA2  MAPK8  MAPK9  RUNX1
hsa04728,Dopaminergic synapse,0.012861365,7,132,3.041068581,http://www.genome.jp/kegg-bin/show_pathway?hsa04728 , MAPK14  DDC  AKT1  FOS  MAOA  MAPK8  MAPK9
hsa05016,Huntington disease,0.00019257,16,306,2.998476584,http://www.genome.jp/kegg-bin/show_pathway?hsa05016 , PPIF  PPARGC1A  COX8A  BBC3  CYCS  MAPK8  MAPK9  BAX  SDHB  SOD1  SOD2  TP53  CASP3  CASP8  CASP9  BECN1
hsa01200,Carbon metabolism,0.022516753,6,115,2.991958156,http://www.genome.jp/kegg-bin/show_pathway?hsa01200 , G6PD  GPT  HK2  MDH2  SDHB  CAT
hsa04713,Circadian entrainment,0.037966409,5,97,2.955972405,http://www.genome.jp/kegg-bin/show_pathway?hsa04713 , FOS  NOS1  MAPK1  MAPK3  PER2
hsa00260,Glycine serine and threonine metabolism,0.181844403,2,39,2.940813572,http://www.genome.jp/kegg-bin/show_pathway?hsa00260 , ALAS1  MAOA
hsa04360,Axon guidance,0.00723554,9,181,2.851451834,http://www.genome.jp/kegg-bin/show_pathway?hsa04360 , RHOA  MET  PIK3CA  PIK3R1  MAPK1  MAPK3  CXCL12  CXCR4  NRP1
hsa04146,Peroxisome,0.073454556,4,82,2.797359252,http://www.genome.jp/kegg-bin/show_pathway?hsa04146 , ACSL4  SOD1  SOD2  CAT
hsa05034,Alcoholism,0.008578689,9,186,2.774799903,http://www.genome.jp/kegg-bin/show_pathway?hsa05034 , DDC  GRB2  MAOA  MAPK1  MAPK3  CAMK4  HAT1  HDAC3  HDAC9
hsa04260,Cardiac muscle contraction,0.08633289,4,87,2.636591479,http://www.genome.jp/kegg-bin/show_pathway?hsa04260 , COX8A  ACTC1  TNNI3  TNNT2
hsa04114,Oocyte meiosis,0.037966409,6,131,2.626528152,http://www.genome.jp/kegg-bin/show_pathway?hsa04114 , MAPK14  IGF1  IGF1R  INS  MAPK1  MAPK3
hsa01240,Biosynthesis of cofactors,0.025891026,7,153,2.623667011,http://www.genome.jp/kegg-bin/show_pathway?hsa01240 , NQO1  ALAS1  ALDH2  ALPI  ALPP  PDXP  UROD
hsa04976,Bile secretion,0.091827264,4,89,2.577342232,http://www.genome.jp/kegg-bin/show_pathway?hsa04976 , AQP1  SLCO1A2  SLC22A8  SCARB1
hsa04720,Long-term potentiation,0.141186798,3,67,2.567725283,http://www.genome.jp/kegg-bin/show_pathway?hsa04720 , MAPK1  MAPK3  CAMK4
hsa00982,Drug metabolism-cytochrome P450,0.149388195,3,69,2.493298464,http://www.genome.jp/kegg-bin/show_pathway?hsa00982 , CYP2B6  CYP3A5  MAOA
hsa04714,Thermogenesis,0.011856487,10,232,2.471804511,http://www.genome.jp/kegg-bin/show_pathway?hsa04714 , PPARGC1A  COX8A  MAPK14  ACSL4  GRB2  NPPA  NPPB  PRKAA1  PRKAA2  SDHB
hsa04080,Neuroactive ligand-receptor interaction,0.003072943,15,362,2.376209862,http://www.genome.jp/kegg-bin/show_pathway?hsa04080 , AGT  AGTR1  EDN1  EDN3  EDNRA  EDNRB  F2  F2R  GHR  HTR2B  POMC  AVP  PRL  PTH  C5AR1
hsa04723,Retrograde endocannabinoid signaling,0.061144414,6,148,2.324832351,http://www.genome.jp/kegg-bin/show_pathway?hsa04723 , MAPK14  MAPK1  MAPK3  MAPK8  MAPK9  PTGS2
hsa05412,Arrhythmogenic right ventricular cardiomyopathy,0.185213406,3,77,2.234254467,http://www.genome.jp/kegg-bin/show_pathway?hsa05412 , CTNNB1  JUP  TCF7
hsa05322,Systemic lupus erythematosus,0.113274792,5,135,2.123920913,http://www.genome.jp/kegg-bin/show_pathway?hsa05322 , FCGR3A  IFNG  IL10  CD80  CD40
hsa04144,Endocytosis,0.044479271,9,251,2.056226223,http://www.genome.jp/kegg-bin/show_pathway?hsa04144 , RAB10  EGFR  CHMP2A  IGF1R  IL2RA  RHOA  SMAD3  PDGFRA  CXCR4
hsa01100,Metabolic pathways,7.05E-07,55,1538,2.050729881,http://www.genome.jp/kegg-bin/show_pathway?hsa01100 , ADA  CKB  COX8A  CYP2B6  CYP3A5  DDC  NQO1  ALAS1  ALDH2  ACSL4  AKR1B1  SIRT4  SIRT3  SIRT1  ALPI  ALPP  G6PD  GGT1  GLS2  MCAT  GLS  GPT  GPX4  SETD2  GSR  HEXA  HK2  HMOX1  LCT  LIPC  MAOA  MDH2  NAGLU  NOS1  NOS3  OAT  ODC1  LAP3  PIK3CA  CYCS  SMOX  PDXP  PTGS1  PTGS2  RENBP  SAT1  SDHB  TBXAS1  TPH1  UROD  CAT  DGKE  DEGS1  KL  CDA
hsa04724,Glutamatergic synapse,0.171256816,4,114,2.012135602,http://www.genome.jp/kegg-bin/show_pathway?hsa04724 , GLS2  GLS  MAPK1  MAPK3
